,age,id,name,sal
0,45,0,jagadish,1000000
1,23,1,pavan,600000
2,23,2,vasu,600000
3,43,3,pavan,700000
4,43,4,pavan,1000000
5,43,5,anil,500000
6,23,6,vasu,500000
7,43,7,vasu,600000
8,46,8,pavan,600000
9,46,9,ashok,600000
10,45,10,vasu,700000
11,45,11,jagadish,700000
12,23,12,pavan,500000
13,43,13,vasu,700000
14,45,14,anil,1000000
15,46,15,vasu,500000
16,23,16,vasu,1000000
17,46,17,vasu,600000
18,46,18,pavan,1000000
19,23,19,vasu,500000
