age,id,name,sal
45,0,jagadish,1000000
46,18,pavan,1000000
23,16,vasu,1000000
43,4,pavan,1000000
45,14,anil,1000000
45,11,jagadish,700000
43,13,vasu,700000
45,10,vasu,700000
43,3,pavan,700000
46,8,pavan,600000
46,9,ashok,600000
23,1,pavan,600000
43,7,vasu,600000
46,17,vasu,600000
23,2,vasu,600000
23,12,pavan,500000
23,6,vasu,500000
43,5,anil,500000
46,15,vasu,500000
23,19,vasu,500000
